x,y,z
-1.347038,0.000000,1.347038
-1.398884,0.000000,1.293115
-1.448573,0.000000,1.237199
-1.496029,0.000000,1.179374
-1.541177,0.000000,1.119731
-1.583950,0.000000,1.058361
-1.624280,0.000000,0.995360
-1.662105,0.000000,0.930823
-1.697367,0.000000,0.864852
-1.730013,0.000000,0.797547
-1.759991,0.000000,0.729012
-1.787254,0.000000,0.659353
-1.811763,0.000000,0.588677
-1.833477,0.000000,0.517094
-1.852365,0.000000,0.444713
-1.868396,0.000000,0.371647
-1.881546,0.000000,0.298008
-1.891795,0.000000,0.223909
-1.899128,0.000000,0.149465
-1.903531,0.000000,0.074790
-1.905000,0.000000,-0.000000
-1.903531,0.000000,-0.074790
-1.899128,0.000000,-0.149465
-1.891795,0.000000,-0.223909
-1.881546,0.000000,-0.298008
-1.868396,0.000000,-0.371647
-1.852365,0.000000,-0.444713
-1.833477,0.000000,-0.517094
-1.811763,0.000000,-0.588677
-1.787254,0.000000,-0.659353
-1.759991,0.000000,-0.729012
-1.730013,0.000000,-0.797547
-1.697367,0.000000,-0.864852
-1.662105,0.000000,-0.930823
-1.624280,0.000000,-0.995360
-1.583950,0.000000,-1.058361
-1.541177,0.000000,-1.119731
-1.496029,0.000000,-1.179374
-1.448573,0.000000,-1.237199
-1.398884,0.000000,-1.293115
-1.347038,0.000000,-1.347038
