tStar, cd
0.41176470588235237, 5.999999999999999
0.7058823529411766, 3.3596938775510203
0.8823529411764701, 2.0739795918367347
1.2352941176470598, 1.1250000000000009
1.3529411764705888, 0.9260204081632661
1.4117647058823533, 0.8571428571428577
1.5882352941176467, 0.8265306122448983
1.8235294117647065, 0.8724489795918373
1.9411764705882355, 0.9413265306122449
2.1176470588235308, 1.0408163265306127
2.3529411764705888, 1.1785714285714288
2.5294117647058822, 1.2780612244897966
2.764705882352942, 1.362244897959184
3.0588235294117663, 1.4387755102040822
3.411764705882355, 1.4846938775510212
3.9411764705882355, 1.4923469387755102
4.5882352941176485, 1.4693877551020407
5.117647058823531, 1.454081632653061
5.764705882352944, 1.4387755102040822
6.3529411764705905, 1.4311224489795924
7.0588235294117645, 1.408163265306123
7.5882352941176485, 1.3775510204081627
8.117647058823529, 1.3392857142857144
8.588235294117647, 1.2933673469387754
9.000000000000002, 1.2474489795918364
9.411764705882355, 1.2015306122448974
9.823529411764707, 1.1556122448979593
10.294117647058826, 1.1173469387755102
10.823529411764707, 1.1020408163265314
11.411764705882355, 1.1173469387755102
11.823529411764707, 1.1556122448979593
12.176470588235297, 1.2015306122448974
12.588235294117649, 1.262755102040817
13.117647058823533, 1.3316326530612255
13.588235294117649, 1.3852040816326534
14.176470588235293, 1.4158163265306127
14.82352941176471, 1.4234693877551017
15.588235294117649, 1.4234693877551017
16.294117647058826, 1.4234693877551017
17.117647058823533, 1.4234693877551017
17.82352941176471, 1.4005102040816322
18.294117647058826, 1.3698979591836737
18.823529411764707, 1.3239795918367347
19.294117647058822, 1.270408163265306
19.882352941176475, 1.2015306122448974
20.47058823529412, 1.1403061224489797
21.058823529411768, 1.1096938775510212
21.647058823529413, 1.1096938775510212
22.294117647058826, 1.1479591836734695
22.823529411764707, 1.2015306122448974
23.294117647058826, 1.2551020408163271
23.764705882352942, 1.3010204081632653
24.35294117647059, 1.3392857142857144
24.882352941176475, 1.362244897959184
25.705882352941178, 1.362244897959184
26.529411764705888, 1.362244897959184
27.29411764705883, 1.362244897959184
28.000000000000004, 1.362244897959184
28.705882352941178, 1.3316326530612255
29.41176470588236, 1.2933673469387754
30.117647058823533, 1.2551020408163271
30.705882352941185, 1.216836734693878
31.23529411764706, 1.1479591836734695
31.705882352941185, 1.0867346938775517
32.176470588235304, 1.0637755102040822
32.70588235294119, 1.1020408163265314
33.05882352941177, 1.1632653061224492
33.352941176470594, 1.216836734693878
33.64705882352942, 1.270408163265306
34.05882352941177, 1.3239795918367347
34.647058823529406, 1.3316326530612255
35.23529411764706, 1.3469387755102042
35.941176470588246, 1.362244897959184
36.705882352941174, 1.354591836734695
37.352941176470594, 1.354591836734695
38.23529411764706, 1.354591836734695
38.94117647058823, 1.3392857142857144
39.58823529411765, 1.3010204081632653
40, 1.262755102040817
40.58823529411765, 1.2015306122448974
41.117647058823536, 1.1479591836734695
41.76470588235294, 1.1096938775510212
42.352941176470594, 1.1020408163265314
