tStar, cl
0.014562205133920259, 2.848731379323155
0.08157806753594077, 0.9587094617184881
0.23240090642297329, 0.4634273189940217
0.43508302685835254, 0.11311712916527128
0.7662988966900706, -0.09277833500501842
1.2001931721089196, -0.21221070619265348
1.6340874475277687, -0.3316430773802921
2.0679817229466178, -0.45107544856792714
2.527136966454921, -0.6288309372562129
2.9862922099632243, -0.8065864259445004
3.496563765370185, -0.9847133994576343
3.98112857089788, -1.1917233181024578
4.465693376425573, -1.3987332367472813
4.924700026003938, -1.60555741297968
5.434971581410901, -1.783684386492812
5.970949886697129, -1.9329284148742527
6.456109067944576, -2.0236635833426213
6.966826405141351, -2.1145844942234113
7.452579962108549, -2.089044912515325
7.912775363126416, -2.0633195883948154
8.373267952004161, -1.9794568891860767
8.833909134811844, -1.8665255024332268
9.346112411308, -1.6667595378728794
9.78149262602623, -1.4955050336193771
10.2428767784836, -1.2372302091459595
10.704112337011034, -1.0080240722166494
11.139789739589139, -0.7786321928749214
11.601173892046512, -0.5203573684015037
12.0876704186634, -0.34947434897284424
12.599279319439805, -0.26598313458895007
13.033767970578406, -0.26914075560013373
13.62101118169323, -0.38968758126230796
14.080463613061408, -0.5093056948623662
14.488502544671054, -0.6866896987258073
14.921802444370151, -0.9223968200898991
15.329692782049854, -1.1288495114974566
15.737434525799625, -1.3643708904491252
16.170883019428658, -1.5710093242691041
16.604480106987634, -1.7485790705449702
17.063783944425875, -1.897265871689143
17.57450128162265, -1.988186782569933
18.06010624465991, -1.9917158884059596
18.546156989486985, -1.9080389316096458
18.9810914224154, -1.8239904899884856
19.41632304320369, -1.6818046732790979
19.85155466399198, -1.539618856569712
20.312790222519414, -1.3104127196404054
20.74846762509752, -1.0810208402986738
21.209554589695017, -0.8808833909134854
21.69634830417178, -0.6518629963965985
22.208402986737998, -0.48116571938036756
22.720160481444335, -0.36860581745235876
23.231323600430926, -0.37232066570080846
23.665663657639588, -0.4045469742561032
23.972212935101606, -0.4358445707492855
