xStar, uStar
1.1163610719322992, 0.11437677053824369
1.180026641592227, 0.17191926345609077
1.287768374862874, 0.2456916902738433
1.3318445384735935, 0.26192162417374887
1.7677088230684843, 0.32684135977337114
1.9048346654129447, 0.3519239848914071
2.291725434884814, 0.37110481586402266
2.6688215013320797, 0.3843838526912182
2.8304341012380503, 0.4035646836638339
3.0899937313900643, 0.4183191690273844
3.5405500705218613, 0.38733474976392834
3.662983858329415, 0.4256964117091597
3.8392885127722924, 0.40946647780925416
3.9176461369691267, 0.3770066100094429
4.044977276288982, 0.378482058545798
4.0841560883874, 0.40946647780925416
4.250666039805672, 0.4035646836638339
4.333921015514809, 0.4079910292728991
4.436765397273154, 0.4256964117091597
4.510225669957687, 0.4271718602455148
4.955884657577181, 0.5407813975448538
5.1370866635323615, 0.5938975448536357
5.332980724024447, 0.6779981114258736
