xStar, vStar
1.1676587301587302, -0.35696138211382133
1.2767857142857144, -0.5538617886178863
1.3859126984126986, -0.5475101626016263
1.4950396825396823, -0.4998729674796749
1.619047619047619, -0.4109502032520327
1.628968253968254, -0.3839557926829271
1.6736111111111112, -0.35696138211382133
1.6884920634920637, -0.31885162601626016
1.8869047619047619, -0.10289634146341475
1.931547619047619, -0.05208333333333348
2.1944444444444446, 0.20039380081300795
2.2242063492063497, 0.2972560975609755
2.348214285714286, 0.32425050813008116
2.3829365079365084, 0.36394817073170715
2.4226190476190483, 0.397294207317073
2.45734126984127, 0.433816056910569
2.606150793650794, 0.6100736788617884
2.6408730158730163, 0.629128556910569
2.670634920634921, 0.6656504065040649
2.745039682539683, 0.7545731707317072
2.779761904761905, 0.7529852642276421
2.898809523809524, 0.86255081300813
2.958333333333334, 0.8784298780487804
2.9980158730158735, 0.8974847560975608
3.057539682539683, 0.8943089430894308
3.14186507936508, 0.8911331300813007
3.211309523809524, 0.8704903455284552
3.464285714285715, 0.7545731707317072
3.533730158730159, 0.7180513211382112
3.5535714285714293, 0.7005843495934958
3.692460317460318, 0.6386559959349593
3.8164682539682544, 0.5592606707317072
4.0396825396825395, 0.433816056910569
4.069444444444445, 0.4052337398373982
4.252976190476191, 0.3385416666666665
4.3273809523809526, 0.2909044715447153
4.426587301587302, 0.2543826219512194
4.500992063492064, 0.2178607723577235
4.9523809523809526, 0.0590701219512193
5.116071428571429, 0.008257113821138029
5.741071428571429, -0.0854293699186992
5.800595238095239, -0.0854293699186992
5.8353174603174605, -0.0854293699186992
