M(t-t1), cd
-9.969382439535961, 1.3424766325787232
-9.70045435596018, 1.328894046751773
-9.476368067341948, 1.3187167689174095
-9.274794690829626, 1.3153790916757675
-9.073344000486818, 1.3188906765626964
-8.849564427292371, 1.3258365540497596
-8.64823642311908, 1.3361974010652593
-8.446969762030545, 1.349982879145044
-8.24564175785725, 1.3603437261605433
-8.021862184662805, 1.367289603647607
-7.797959925298845, 1.3673862190060995
-7.573996322850127, 1.3640582033003068
-7.372238917083533, 1.350446632865809
-7.148152628465302, 1.3402693550314453
-6.946395222698707, 1.3266577845969474
-6.699918708144079, 1.3164901682984333
-6.476016448780118, 1.316586783656926
-6.252175532500916, 1.320108030079704
-6.050847528327623, 1.3304688770952033
-5.7824715325146565, 1.3477079708468214
-5.536424419553328, 1.3615127719983047
-5.290254620422488, 1.3684683110212172
-5.066352361058527, 1.36856492637971
-4.864717641461446, 1.3618026180737828
-4.640631352843215, 1.3516253402394192
-4.416545064224982, 1.341448062405056
-4.214787658458389, 1.327836491970558
-4.013091595776553, 1.3176495526003453
-3.789127993327835, 1.3143215368945529
-3.5429581941969914, 1.3212770759174655
-3.274459512214513, 1.3316669075405125
-3.0955217339776144, 1.3420180930201626
-2.8719261900374384, 1.3592378637000821
-2.6705368427793914, 1.3661740796512962
-2.4243057005637905, 1.3697049876099237
-2.177951872178678, 1.36638663343998
-1.9987073785179934, 1.3596146635982036
-1.774498403730247, 1.3425881236352695
-1.5279605460908616, 1.32899587627247
-1.3038742574726303, 1.3188185984381067
-1.0799106550239124, 1.315490582732314
-0.8336795128083132, 1.3190214906909412
-0.6099612826986238, 1.32939199924229
-0.386304395673692, 1.3431871388579242
-0.1850377345851566, 1.3569726169377088
0.016351612672892202, 1.3639088328889228
0.21780230301569858, 1.3674204177758515
0.4193143364432643, 1.367507371598495
0.5761072610827931, 1.3641503712851546
0.8001935497010262, 1.3539730934507912
1.0019509554676205, 1.3403615230162933
1.2260372440858536, 1.33018424518193
1.4501235327040831, 1.3200069673475663
1.6740871351528028, 1.3166789516417738
1.9203182773684002, 1.320209859600401
2.1664267334144878, 1.330590029687599
2.39002227735466, 1.3478098003675185
2.613679164379592, 1.3616049399831525
2.8598489635104354, 1.368560479006065
3.0837512228743957, 1.3686570943645577
3.3301663943442623, 1.361914109130329
3.5766429088988954, 1.351746492831815
3.82324210962304, 1.33472961440473
4.024938172304873, 1.3245426750345175
4.271414686859503, 1.3143750587360035
4.5400360550115, 1.31791562823048
4.808534736993979, 1.328305459853527
5.076972075891701, 1.34211992254086
5.300628962916631, 1.3559150621564937
5.546737418962719, 1.3662952322436916
5.770516992157164, 1.3732411097307553
5.9721517117542415, 1.3664788014248277
6.218628226308871, 1.3563111851263137
6.442775858011862, 1.3427092762276651
6.666923489714849, 1.3291073673290164
6.891009778333084, 1.318930089494653
7.137363606718198, 1.3156117353247097
7.405984974870192, 1.3191523048191862
7.6520320878315236, 1.3329571059706693
7.898079200792848, 1.3467619071221528
8.144126313754176, 1.3605667082736361
8.39023476980026, 1.3709468783608338
8.614137029164224, 1.3710434937193265
8.883003769655245, 1.3608855389566619
9.107151401358232, 1.347283630058013
9.331237689976467, 1.3371063522236497
9.60016577355225, 1.3235237663966997
9.801800493149328, 1.3167614580907725
9.98086095755574, 1.3202633814418518
