M(t-t1), cl
-9.994533104286434, 0.2465753689357144
-9.881784514502609, 0.202103472779251
-9.791180778316152, 0.14392339082979744
-9.678186816193298, 0.08575297041619301
-9.564886138646658, 0.010459394681161527
-9.429133892078866, -0.06824915058230596
-9.316017243786497, -0.13326883312448112
-9.202839252409373, -0.20171314673094187
-9.044696779905182, -0.2804120304585598
-8.886676993570507, -0.35226165205760696
-8.728718550320592, -0.42068664259236854
-8.593641077685128, -0.4617242461486972
-8.413844496261628, -0.49931789556904205
-8.212025747410278, -0.5163540970678255
-8.010759086321745, -0.5025686189880405
-7.832128023508632, -0.47509427818696404
-7.720851667758983, -0.43737502880057866
-7.565040232475568, -0.38593793208535354
-7.43161902312855, -0.334510496905978
-7.3207107258874435, -0.2762434611338809
-7.209863771731094, -0.21455179429749816
-7.076687934723106, -0.14942583486098115
-6.965840980566755, -0.08773416802459844
-6.877322909262045, -0.02947679378835044
-6.76635326893618, 0.025365610919461545
-6.677896540716226, 0.08704761621999468
-6.56698824347512, 0.14531465199209181
-6.478470172170409, 0.2035720262283396
-6.345294335162421, 0.26869798566485703
-6.212179841239188, 0.3372485761656594
-6.056613778294804, 0.40238419713802576
-5.900863686096148, 0.45724592491753624
-5.744929564643219, 0.5018337595041906
-5.52145670687256, 0.5259027923126807
-5.252528623296779, 0.5123202064857304
-5.095183610894432, 0.4781415265938218
-4.915203000216664, 0.43027398398062133
-4.7572445569667465, 0.3618489934458593
-4.621860368907496, 0.303688234568104
-4.486414837763489, 0.24210284462606335
-4.395811101577031, 0.18392276267660956
-4.260304227348268, 0.11891274167028376
-4.169761834246568, 0.0641572907851149
-4.079096754975351, 0.0025525777713757414
-3.9660414497677436, -0.05904247370651383
-3.8753763704965287, -0.12064718672025299
-3.7623210652889156, -0.182242238198143
-3.604055906615212, -0.2677903840543321
-3.468426346216935, -0.3396496671892284
-3.3105292460517752, -0.4046500266597053
-3.1529388613103997, -0.4525272308087551
-2.973019593717389, -0.49697014235767023
-2.726420392993246, -0.513987020784755
-2.502824849053072, -0.4967672501048357
-2.3021102757273493, -0.45216009244648303
-2.146360183528694, -0.39729836466697277
-1.968465237732671, -0.32872845109447146
-1.8352280576399238, -0.2670271227222396
-1.6799687101193275, -0.18476834642844597
-1.5691830990477342, -0.11965204852777855
-1.458397487976141, -0.05453575062711069
-1.347550533819792, 0.0071559162092715844
-1.2147427553203478, 0.09282966203150123
-1.0597287801387765, 0.18878696258243566
-0.9044080895334208, 0.2676211078119435
-0.7268198591611839, 0.35331417670587095
-0.5935213359836808, 0.41159087401381744
-0.4376485576155087, 0.4596033396647574
-0.2593242102261879, 0.5042008357872612
-0.08063180432831807, 0.5282505455240525
0.09855134624760709, 0.5249032067465613
0.3006154674379875, 0.49416848099063637
0.48065742120051524, 0.44287630731315053
0.6383704921114024, 0.38814984103552996
0.7962675922765623, 0.3231494815650531
0.9318358095900834, 0.2547148294944419
1.0674040269036045, 0.18628017742383052
1.1580077630900636, 0.12810009547437673
1.2936373234883405, 0.05624081233948042
1.4069380010349803, -0.019052763395551064
1.5200546493273492, -0.08407244593772667
1.6557455528103855, -0.15935636013690813
1.81419474073836, -0.2551783991859531
1.9272500459459696, -0.31677345066384266
2.0850858030263755, -0.37834917907003396
2.2654344722126876, -0.44676450806894685
2.4452923967209426, -0.48778278855357726
2.602453379869017, -0.5116875752526298
2.78163653044494, -0.5150349140301205
2.982780505363964, -0.4944001738217656
3.1388373129864053, -0.45666160136368106
3.3169162880366994, -0.3983655809840365
3.4502761542989635, -0.3435135147403754
3.6057808741585884, -0.27495326270372367
3.7387726819123035, -0.1995534100743508
3.871703146581263, -0.12072892638069233
4.0269624941018645, -0.03847015008689869
4.159708929516549, 0.05062822679961565
4.314968277037147, 0.13288700309340884
4.4700435953034745, 0.22541967258005768
4.625486972078347, 0.2974045556809952
4.803197888620096, 0.3762483624463522
4.981092834416119, 0.44481827601885326
5.159417181805443, 0.48941577214135656
5.315658018682159, 0.5168804514065843
5.4945957969190555, 0.5272316368862346
5.696414545770407, 0.5101954353874514
5.853759558172753, 0.47601675549554257
6.011288599829369, 0.4315641824107779
6.169124356909771, 0.369988454004587
6.3045085449690195, 0.3118276951268315
6.440199448452054, 0.2365437809276496
6.575829008850336, 0.16468449779275307
6.711519912333374, 0.08940058359357073
6.824759246795251, 0.017531638922824833
6.937753208918105, -0.040638781490779596
7.073689484740173, -0.12962121994710296
7.209319045138448, -0.20148050308199972
7.367522860727396, -0.28360401787390277
7.570691157443404, -0.37598210278696387
7.751039826629723, -0.4443974317858763
7.90850752520158, -0.48542537380635586
8.088058734286049, -0.5093204989695592
8.244913002010337, -0.5161021303471851
8.423728094077715, -0.49890168273896407
8.602359156890829, -0.47142734193788716
8.73590305240736, -0.4268491688870819
8.847118065072253, -0.3857052884364114
9.002684128016638, -0.3205696674640457
9.158066161706747, -0.2451601532988228
9.29099662637571, -0.16633566960516433
9.446378660065827, -0.09092615543994187
9.579309124734786, -0.012101671746283404
9.71211690323423, 0.07357207407594579
9.845231397157457, 0.14212266457674838
9.97816186182642, 0.22094714827040685
